item-name	item-description	listing-id	seller-sku	price	quantity	open-date	image-url	item-is-marketplace	product-id-type	zshop-shipping-fee	item-note	item-condition	zshop-category1	zshop-browse-path	zshop-storefront-feature	asin1	asin2	asin3	will-ship-internationally	expedited-shipping	zshop-boldface	product-id	bid-for-featured-placement	add-delete	pending-quantity	fulfilment-channel	merchant-shipping-group	status
Yinjiyue Natural Mugwort Incense Sticks, Charcoal-Free, Air Purifying, Meditation & Yoga, Relaxation, Sleep Aid, Stress Relief, Indoor Home Incense new Package	Discover the serene power of Mugwort Incense Sticks, your perfect companion for spiritual cleansing and deep relaxation. Beyond its calming fragrance, this herbal wonder acts as a potent air purifier and natural botanical freshener, creating a harmonious and peaceful environment. Elevate your meditation, yoga, or daily mindfulness practices with the soothing properties of these sticks. Their therapeutic scent gently eases tension and promotes peaceful sleep, transforming any space into a sanctuary of tranquility. With a generous 300-count pack, these long-burning sticks ensure lasting enjoyment and continuous atmospheric enhancement. Embrace this ancient tradition for a truly rejuvenating experience that nurtures both body and soul.	0709HW1I7IH	C07S-HKF4	24.08		2026-07-08 23:18:21 PDT		y	4			11				B0H86P4L8B						8711727421550				AMAZON_NA	Migrated Template	Active
Pine Cone Incense Sticks - 450 Sticks, Natural & Charcoal-Free, Earthy Wood Aroma for Meditation, Relaxation, Yoga, Air Purifying & Home Fragrance	Enjoy a calming, forest-inspired aroma crafted from natural pine cone essence and wood powder. These Pine Cone Incense Sticks offer a grounding and comforting fragrance that connects you to the outdoors. Made without charcoal or synthetic additives, these incense sticks burn with minimal smoke, ideal for meditation spaces, yoga sessions, or quiet home relaxation. Over 92% of ingredients are plant-based, including pine, resin, and herbal binder. This pack contains 450 incense sticks in beautifully designed packaging, perfect for long-term use or as a thoughtful gift. The warm, earthy aroma helps clear the air, reduce stress, and restore inner calm.	0618HIMYG1C	PineCone-1.19-DG	24.99		2026-06-18 08:16:20 PDT		y	3			11				B0FG7F3V69						702408207325				AMAZON_NA	Migrated Template	Active
Seedlink Brass Lotus Incense Holder for Sticks, Vintage Incense Burner with Detachable Ash Catcher for Meditation, Yoga & Home Decor		0708HS0ZL6P	lotus	8.89		2026-07-08 01:29:33 PDT		y	1			11				B0FY67W88Z						B0FY67W88Z				AMAZON_NA	Migrated Template	Active
AFENGAU Natural Mugwort Incense Sticks - Charcoal-Free & Non-Toxic for Calming Meditation, Yoga, Relaxation. Natural Sleep Aid, Stress Relief & Air Purifying Herbal Incense for Home.	At AFENGAU, we believe in the power of nature to restore balance and tranquility. Our Natural Mugwort Incense Sticks are charcoal-free and 100% non-toxic, made from pure, aged mugwort. These sticks produce a clean, light smoke, making them safe for you, your family, and your pets. The calming scent of natural mugwort helps melt away stress and anxiety, promoting a tranquil atmosphere conducive to deep relaxation and restful sleep. Elevate your meditation, yoga, or mindfulness sessions with the subtle, earthy fragrance of mugwort. This pack contains 40 sticks, each burning for approximately 30-45 minutes. Packaged in an elegant wooden box.	0618HIMYINO	mugwort40	13.99		2026-06-18 08:16:14 PDT		y	4			11				B0FY6MK2D4						8711727421444				AMAZON_NA	Migrated Template	Active
Natural Mugwort Incense Sticks, Charcoal-Free, Air Purifying, Stress Relief, Meditation, Yoga & Sleep Aid	AFENGAU Natural Mugwort Incense Sticks are made from pure, natural mugwort, charcoal-free, offering a clean and authentic aromatic experience. The soothing scent of mugwort helps ease tension and promote deep relaxation, making these sticks ideal for unwinding after a long day. Enhance your mindfulness practice with the calming fragrance of mugwort, creating a serene atmosphere perfect for meditation and yoga sessions. These incense sticks help create a peaceful environment conducive to restful sleep while naturally freshening and purifying the air in your home. Comes neatly stored in a clear tube with a cork stopper, keeping the incense sticks protected and fresh. Each stick measures 9.05 inches in length.	0618HIUUNWD	mugworthy	27.99		2026-06-18 08:16:13 PDT		y	4			11				B0GWVLF81Y						8711727421543				AMAZON_NA	Migrated Template	Active
AFENGAU Natural Sandalwood Incense Sticks - 400 Premium Hand-Dipped Sticks for Meditation, Yoga, and Aromatherapy - Authentic Calming Scent for Stress Relief	Experience the pure, calming, and grounding scent of natural sandalwood with AFENGAU. Our incense sticks are crafted from premium sandalwood powder, providing an authentic and traditional fragrance that gently fills your space without being overwhelming. Each package contains 400 high-quality, hand-dipped incense sticks that burn evenly and release a consistent, beautiful aroma for approximately 45-60 minutes. Enhance your meditation, yoga, or mindfulness practice with the serene ambiance created by our sandalwood incense. We use only natural, sustainably sourced sandalwood and other plant-based materials, free from harsh chemicals and artificial fragrances.	0618HIY016V	sandalwood300	27.99		2026-06-18 08:16:14 PDT		y	4			11				B0FY6JR3NK						8711727421420				AMAZON_NA	Migrated Template	Active
AFENGAU Natural Sandalwood Incense Sticks - 40 Premium Hand-Dipped Sticks for Meditation, Yoga, and Aromatherapy - Authentic Calming Scent for Stress Relief (40)	Explore the wide range of natural sandalwood incense sticks from AFENGAU, now available on Amazon. Made from sustainably sourced sandalwood and crafted using traditional hand-dipping techniques, our incense delivers an authentic, calming fragrance that has been cherished for centuries. Each of the 40 premium sticks burns for 45-60 minutes, filling your space with a warm, woody aroma that promotes relaxation, focus, and inner peace. Perfect for meditation, yoga, aromatherapy, or simply creating a serene home environment. Our eco-friendly packaging makes this an ideal gift for anyone seeking natural wellness and tranquility. Experience the AFENGAU difference—where nature meets tradition.	0612HSQ5UBP	sandalwood40	13.94		2026-06-12 00:24:06 PDT		y	1			11				B0FY6HB74X						B0FY6HB74X				AMAZON_NA	Migrated Template	Active
Yinjiyue Mugwort Incense Sticks Variety Pack 400 | Cedar, Lavender, Gardenia & Mugwort Incense | Natural Charcoal-Free Incense for Meditation, Yoga & Spiritual Cleansing | Wooden Box	Transform your everyday moments into meaningful rituals with the Yinjiyue 400-Stick Incense Variety Pack. Whether you're settling into a morning yoga session, unwinding after a long day, or simply refreshing the atmosphere in your home, this thoughtfully curated set offers four distinct botanical scents to match every mood and occasion. Four Scents, One Complete Experience Each box contains 100 sticks of four unique fragrances — Cedar, Lavender, Gardenia, and Mugwort — giving you the flexibility to choose the perfect scent for any moment. Cedar brings a warm, woody depth that grounds your space and creates a sense of calm focus — ideal for morning routines, home office sessions, or quiet evenings in. Lavender, one of the most beloved botanicals in the world, delivers a soft, floral aroma that sets a peaceful, serene atmosphere — a natural companion for winding down before bedtime or enjoying a slow weekend afternoon. Gardenia offers a rare, delicately sweet floral fragrance that feels both uplifting and elegant. While most variety packs stick to familiar blends, Yinjiyue brings you this refined botanical that is difficult to find in everyday incense collections. Mugwort, a plant with centuries of cultural significance in East Asian traditions, carries a distinctive earthy, herbal warmth. Its grounding aroma makes it a popular choice for meditation and mindfulness practices, adding a layer of depth and intention to your quiet moments. Crafted Clean — Pure Botanicals, No Compromises Yinjiyue incense sticks are made from 100% natural botanical ingredients, free from synthetic chemicals, charcoal, and artificial additives. Each stick burns with minimal smoke and a clean, even flame, releasing only the authentic fragrance of the plant materials. With an approximate burn time of 45 to 60 minutes per stick, a single box provides hundreds of hours of fragrance. A Gift Worth Giving Presented in a beautifully crafted wooden gift box, this incense set makes an ideal gift for birthdays, housewarmings, holidays, Mother's Day, or as a considered treat for someone who values their personal well-being. The compact wooden box keeps all 400 sticks neatly organized and doubles as a stylish accent piece on any shelf or tabletop. Everything You Need, Right Out of the Box Every Yinjiyue variety pack includes a complimentary wooden incense holder, so you can begin your ritual the moment your order arrives. No additional accessories needed.	0707HLL8NYK	C0-7SML-QGMM	31.23		2026-07-06 19:51:16 PDT		y	4			11				B0H7R483PY						8711727421291				AMAZON_NA	Migrated Template	Inactive
Huile essentielle de santal Yinjiyue 10 ml – huile d'aromathérapie pure et naturelle pour diffuseur, humidificateur et massage	Huile essentielle de santal Yinjiyue 10 ml – Un arôme authentique, riche et boisé, prisé depuis des siècles. Parfaite pour diffuseur ou humidificateur, son parfum chaleureux et enveloppant crée une atmosphère paisible et invitante dans votre intérieur. Idéale pour se détendre après une longue journée. Peut également être utilisée pour le massage. Diluez quelques gouttes dans une huile végétale avant application. Sans additifs synthétiques, sans agents de remplissage ni parfums artificiels. Flacon en verre ambré pour préserver la fraîcheur et la pureté de l'huile. Yinjiyue – l'élégance naturelle à portée de main.	0629HOFK3LA	S1-WEYZ-1LN0	28.37		2026-06-29 01:47:47 PDT		y	1			11				B0H3J6LR1K						B0H3J6LR1K				AMAZON_NA	Migrated Template	Inactive
Wheel Cover		0623BWG94CL	US-WCC	35.99		2024-06-23 09:16:46 PDT		y	1			11				B0D3XLBGN8						B0D3XLBGN8				AMAZON_NA	Migrated Template	Inactive
2019 Classic Old Mountain Sandalwood Incense Sticks, Natural Fragrance, Stick Form, Meditation and Aromatherapy, 9.05 Inch		0630HRU6T09	WI-GAXS-92TC	28.41		2026-06-29 20:33:10 PDT		y	1			11				B0GWVQTGQT						B0GWVQTGQT				AMAZON_NA	Migrated Template	Inactive
YINJIYUE Rare Cliff Cypress Incense Sticks (Hinoki-Style) - 60 Sticks Natural Eastern Cypress Low Smoke, Deep Woodsy Aroma for Meditation, Relaxation & Spa	<p>YINJIYUE Hinoki Incense Sticks - 60 Premium Sticks</p><p>THE MAGIC OF HINOKI<br>Experience the authentic essence of Hinoki with our premium incense sticks. Crafted to capture the delicate and natural fragrance, these sticks transform any space into a peaceful sanctuary, bringing the beauty of nature directly into your home.</p><p>60 STICKS - EXCEPTIONAL VALUE<br>While most brands offer fewer sticks at higher prices, YINJIYUE provides 60 premium sticks in every beautifully packaged glass tube. This ensures you have an abundant supply for your daily rituals, meditation sessions, or simply to keep your home smelling wonderful for months.</p><p>CORELESS LOW-SMOKE FORMULA<br>Our natural incense features a coreless design that burns cleanly and evenly. The low-smoke formula ensures that you enjoy the pure, delicate fragrance without any harsh, overwhelming smoke or artificial chemical undertones. Perfect for those sensitive to strong odors.</p><p>PERFECT FOR:<br>- Daily meditation and mindfulness<br>- Yoga and breathing exercises<br>- Air purifying and odor elimination<br>- Creating a relaxing home sanctuary<br>- Thoughtful gifting for loved ones</p><p>PRODUCT SPECIFICATIONS:<br>- Quantity: 60 Sticks<br>- Stick Length: 9 inches (23 cm)<br>- Burn Time: Approximately 40-45 minutes per stick<br>- Packaging: Premium clear glass tube with cork stopper<br>- Ingredients: Natural wood powder and essential oils</p>	0701HVYVJKU	YJY-INC-HINOKI-60-US	28.37		2026-06-30 21:01:26 PDT		y	4			11				B0GZDQPWFN						8711727421147				AMAZON_NA	Migrated Template	Inactive
Hainan Agarwood Incense Sticks (40 Pack) - Premium Chinese Agarwood, Coreless & Low Smoke for Temple, Meditation & Aromatherapy | Natural, Non-Toxic Oudh Incense for Spiritual Relaxation (argarwood)	Deepen meditation and enhance mindfulness Soothe the mind and relieve stress Purify your space and spirit Clean-burning coreless tip 100% natural, unprocessed agarwood Low smoke, non-toxic	0717HU6NIGR	argarwood40	13.88		2026-07-17 05:27:23 PDT		y	1			11				B0FY6QW1LV						B0FY6QW1LV				AMAZON_NA	Migrated Template	Inactive
Seedlink Wooden Aromatherapy Incense Holder - Upside Down Hanging Rack with 1L Ash Catcher for Home Office or Yoga Space Decor & Meditation (Glass Height 17cm)	The Seedlink Wooden Aromatherapy Incense Holder combines natural wood and clear glass to create a modern aesthetic that complements any space. Featuring an upside-down hanging design that is modern, eye-catching, and space-saving. The built-in ash collector catches falling ash neatly for easy cleanup. Crafted from durable eco-friendly material with a smooth finish. Perfect for bedrooms, meditation rooms, spas, and yoga studios. Enhances calmness and mental clarity. Complements boho, rustic, minimalist, or zen interior styles. Simply hang your incense stick, light it, and enjoy the peaceful aroma. Product Dimensions: 9.64"L x 7.87"W x 3.14"Th. Item Weight: 14.08 ounces.	0618HIUVFES	incenseholder17cm	13.99		2026-06-18 08:16:20 PDT		y	3			11				B0FY5P2M4S						702408207318				AMAZON_NA	Migrated Template	Inactive
AFENGAU Natural Mugwort Incense Sticks for Calming Meditation, Yoga, Relaxation. Natural Sleep Aid, Stress Relief and Air Purifying Herbal Incense (Mugwort)	Incense has been used for centuries across cultures around the world, valued for its ability to create a calming and aromatic atmosphere in any space. Whether you are looking to enhance your meditation practice, set a relaxing mood at home, or simply enjoy a pleasant fragrance, incense is a wonderful addition to your daily routine. Available in a wide variety of scents — from soothing lavender and sandalwood to rich frankincense and exotic oud — there is a fragrance to suit every preference. Incense sticks and cones are easy to use; simply light the tip, allow it to catch flame briefly, then gently blow it out and let the ember slowly release its fragrant smoke. Place your incense in a proper holder to safely catch any ash. Burn in a well-ventilated area and keep away from flammable materials, children, and pets. Explore the rich tradition of incense burning and transform your living space into a serene and inviting sanctuary.	0717HU7ZTH4	mugwort	28		2026-07-17 05:45:34 PDT		y	1			11				B0FY5DT9BR						B0FY5DT9BR				AMAZON_NA	Migrated Template	Inactive
AFENGAU Pine Cone Incense Sticks, Natural Charcoal-Free, Stick Form, Earthy Wood Aroma for Meditation, Relaxation, Yoga & Home Fragrance	AFENGAU Pine Cone Incense Sticks capture the vigorous essence of pine and the calm steadiness of pine cones, releasing a gentle, earthy wood aroma. Made without charcoal, these sticks produce a clean, mild smoke that is not overpowering, making them ideal for sensitive environments. Perfect for meditation, yoga, relaxation, air purifying, and everyday home fragrance. Each incense stick measures approximately 9.05 inches in length, allowing for a long, steady burn to fill your space with soothing fragrance. Keep in a cool, dry place away from moisture to preserve the quality and fragrance for long-lasting use.	0618HJ5CBBC	pineconehy	27.99		2026-06-18 08:16:13 PDT		y	4			11				B0GWVDR845						8711727421529				AMAZON_NA	Migrated Template	Inactive
2019 Classic Old Mountain Sandalwood Incense Sticks, Natural Fragrance, Stick Form, Meditation and Aromatherapy, 9.05 Inch	Experience the timeless and authentic fragrance of 2019 Classic Old Mountain Sandalwood Incense Sticks. These premium incense sticks are crafted from natural sandalwood sourced from the mountains, offering a pure and rich woody aroma that has been treasured for centuries. Each stick measures 9.05 inches in length, providing a long, steady burn ideal for meditation, yoga, aromatherapy, and relaxation. The natural fragrance helps calm the mind, reduce stress, and create a peaceful atmosphere in any space. Free from artificial additives and charcoal, these incense sticks produce minimal smoke while delivering a consistent, authentic sandalwood scent.	0618HIRYQ4F	sandalhy	27.99		2026-06-18 08:16:14 PDT		y	4			11				B0GWVQTGQT						8711727421536				AMAZON_NA	Migrated Template	Inactive
Yinjiyue Natural Sandalwood Incense Sticks - 400 Premium Hand-Dipped Sticks for Meditation, Yoga, and Aromatherapy - Authentic Calming Scent for Stress Relief	Experience the pure, calming, and grounding scent of natural sandalwood with Yinjiyue. Our incense sticks are crafted from premium sandalwood powder, providing an authentic and traditional fragrance that gently fills your space without being overwhelming. Each package contains 400 high-quality, hand-dipped incense sticks that burn evenly and release a consistent, beautiful aroma for approximately 45-60 minutes. Enhance your meditation, yoga, or mindfulness practice with the serene ambiance created by our sandalwood incense. We use only natural, sustainably sourced sandalwood and other plant-based materials, free from harsh chemicals and artificial fragrances.	0921HUW0DEY	sandalwood400	27.99		2026-09-20 20:04:59 PDT		y	3			11				B0HKHDXF1M						737512101108				AMAZON_NA	Migrated Template	Inactive
Seedlink White Sage Incense Sticks (50g, Approx. 50 Sticks) for Cleansing Negative Energy | Pure & Natural Aromatherapy Incense for Meditation, Yoga, and Spiritual Purification (20)		0612HSIRYUF	whitesage20	13.94		2026-06-12 00:01:03 PDT		y	1			11				B0FY6R869L						B0FY6R869L				AMAZON_NA	Migrated Template	Inactive
Seedlink Natural White Sage Smudge Sticks (4-Inch, 3-Pack) - California Grown Sage Bundles for Cleansing House of Negative Energy, Spiritual Purification, Meditation & Smudging Rituals		0612HSRR4IW	whitesagebundle	9.75		2026-06-12 00:02:09 PDT		y	1			11				B0FYCTS187						B0FYCTS187				AMAZON_NA	Migrated Template	Inactive
Seedlink Natural White Sage Smudge Sticks (4-Inch) - California Grown Sage Bundles for Cleansing House of Negative Energy, Spiritual Purification, Meditation & Smudging Rituals	Each 4-inch smudge stick is handcrafted with 100% natural Salvia Apiana, sustainably grown and harvested on private land in California. Our sage bundles are carefully hand-tied with cotton string, ensuring a slow, even burn for your cleansing rituals. Use our potent white sage smudge sticks to cleanse your home, office, or personal space. The sacred smoke is traditionally used to clear away negative energy, spiritual impurities, and emotional blockages. Elevate your spiritual journey with the grounding aroma of our burning sage, ideal for smudging, blessing ceremonies, yoga, and meditation. Sustainably and ethically sourced, supporting responsible harvesting practices.	0618HJ0MWGW	whitesagebundle2	13.99		2026-06-18 08:16:16 PDT		y	4			11				B0GDLQ6Z6M						8711727421499				AMAZON_NA	Migrated Template	Inactive
