item-name	listing-id	seller-sku	price	quantity	open-date	product-id-type	item-note	item-condition	will-ship-internationally	expedited-shipping	product-id	pending-quantity	fulfillment-channel	merchant-shipping-group	standard-price-point	status
【Yinjiyue】【ヒノキ・森林浴】桧木 線香 セット 約50本入 密閉チューブ保存 21cm 燃焼40〜50分 天然由来 無添加 炭不使用 煙少なめ 瞑想 ヨガ スパ リラックス ギフト [並行輸入品]	0707HMNNN74	Hinoki	1099		2026/07/07 16:24:09 JST	1		11			B0H7WQKSMR		AMAZON_JP	移行された配送パターン		Inactive
Seedlink 古代フォーミュラ 皇居 線香 - ハンドメイド 歌王朝 王朝 宮廷 お香 瞑想 セレモニー ストレス解消 - 高級中国皇帝のギフトセット	0629HO80M7R	ImperialPalace	3122		2026/06/29 16:15:14 JST	1		11			B0FY5K8HMT		AMAZON_JP	移行された配送パターン		Inactive
Yinjiyue 白檀エッセンシャルオイル 10ml、ディフューザー・加湿器・マッサージ用の純粋な天然アロマセラピーオイル [並行輸入品]	0831HNKDMLU	S1-WEYZ-1LN0	3188		2026/08/31 16:58:24 JST	4		11			8711727421574		AMAZON_JP	移行された配送パターン		Inactive
YINJIYUE 青磁の葉のお香ホルダー - ゼロメスの灰キャッチャー 精密な3穴 プレミアム磁器香スティックホルダー 瞑想、ヨガ、ホームデコレーション用	0711H71EFIZ	YJY-IH-CELADON-LEAF-US	3260	0	2026/07/12 04:48:48 JST	1		11			B0H6WKJKSG	0	DEFAULT	移行された配送パターン		Inactive
Seedlink 真鍮蓮香ホルダー スティック用 コーンインセンスバーナー 取り外し可能なアッシュキャッチャー付き - 瞑想、ヨガ、ホームフレグランス&アロマセラピー用の装飾インセンススティックホルダー	0629HO5PD8R	blueih	1560		2026/06/29 16:15:14 JST	1		11			B0FY67YPSM		AMAZON_JP	移行された配送パターン		Inactive
AFENGAU(エーフェンガウ) 中国製香ホルダー スティック用 アッシュキャッチャー付き - 木製香炉ボックス 収納付き セラミック裏地 灰防止 瞑想 ヨガ ホームデコレーション (Balck - Cloud)	0629HO5L5DI	ihcloud	3122		2026/06/29 16:15:15 JST	1		11			B0FY1T38P1		AMAZON_JP	移行された配送パターン		Inactive
AFENGAU(エーフェンガウ) 中国製香ホルダー スティック用 アッシュキャッチャー付き - 木製香炉ボックス 収納付き セラミック裏地 灰防止 瞑想用 ヨガ ホームデコレーション (ブラック - 蓮の花)	0629HO09WLN	ihlotusflower	3122		2026/06/29 16:15:14 JST	1		11			B0FY1RZGZH		AMAZON_JP	移行された配送パターン		Inactive
木製アロマテラピーインセンスホルダー – 1Lアッシュキャッチャー付き逆さま吊り下げラック ホームオフィスまたはヨガスペースの装飾&瞑想用 (ガラスの高さ17cm)	0629HO2N7KP	incenseholder17cm	1530		2026/06/29 16:15:13 JST	1		11			B0FY5P2M4S		AMAZON_JP	移行された配送パターン		Inactive
Seedlink 木製アロマセラピーインセンスホルダー – 1Lアッシュキャッチャー付き逆さま吊り下げラック ヨガスペースやホームオフィス装飾&瞑想用	0629HNU2349	incenseholder20cm	1560		2026/06/29 16:15:14 JST	1		11			B0GDKRTTJ1		AMAZON_JP	移行された配送パターン		Inactive
天然白檀のお香 - 瞑想、ヨガ、アロマテラピーに最適な、手作業で浸漬されたプレミアムスティック400本入り - ストレス解消に効果的な、本物の安らぎの香り [並行輸入品]	0902HVWKI6W	laotanxiang	3178		2026/09/02 17:41:27 JST	1		11			B0HHJBVFZ2		AMAZON_JP	移行された配送パターン		Inactive
Yinjiyue 天然白檀お香 - 瞑想、ヨガ、アロマテラピーに最適な、手作業で浸漬されたプレミアムお香 400本入り - 瞑想、ヨガ、アロマテラピーでのストレス解消に最適な、本物の安らぎの香り - ストレス解消に最適な、本物の安らぎの香り	0920HSNDQP0	laotanxiang02	3178		2026/09/20 17:12:21 JST	3		11			737512101092		AMAZON_JP	移行された配送パターン		Inactive
ラベンダー線香スティック450本バルクパック | 天然&非毒性 本物のアロマセラピー用 | 瞑想、ストレス解消、ポジティブなバイブのための心を落ち着かせるラベンダーの香り | プレミアム木製収納ボックス付き	0629HO33AWJ	lavender01	3122		2026/06/29 16:15:14 JST	1		11			B0FXW2KHWZ		AMAZON_JP	移行された配送パターン		Inactive
ラベンダー線香スティックバルクパック - 天然&非毒性 本物のアロマセラピー 鎮静ラベンダーの香り 瞑想、ストレス解消、ポジティブなバイブに (20)	0629HO4ZMGU	lavender02	935		2026/06/29 16:15:14 JST	1		11			B0FY6JQRB9		AMAZON_JP	移行された配送パターン		Inactive
Seedlink 真鍮ロータス香ホルダー スティック用 ヴィンテージインセンスバーナー 取り外し可能なアッシュキャッチャー付き 瞑想、ヨガ、ホームデコレーション用	0629HO34AIW	lotus	935		2026/06/29 16:15:13 JST	1		11			B0FY67W88Z		AMAZON_JP	移行された配送パターン		Inactive
Seedlink ホワイトセージ インセンススティック (50g 約50本) マイナスのエネルギーを浄化する| ピュア&ナチュラルアロマセラピーお香 瞑想/ヨガ/スピリチュアルな浄化に (20)	0629HO35XRD	whitesage20	2503		2026/06/29 16:15:15 JST	1		11			B0FY6R869L		AMAZON_JP	移行された配送パターン		Inactive
Seedlink ホワイトセージインセンススティック (50g 約50本) マイナスのエネルギーを浄化する ピュア&ナチュラルアロマセラピーお香 瞑想/ヨガ/スピリチュアルな浄化に (60)	0629HO52ZZ9	whitesage60	3122		2026/06/29 16:15:15 JST	1		11			B0FY6MCXS7		AMAZON_JP	移行された配送パターン		Inactive
Seedlink ナチュラルホワイトセージスマッジスティック(4インチ、3本パック) - カリフォルニア栽培セージバンドル マイナスのエネルギーの浄化、精神的な浄化、瞑想、汚れの儀式に	0629HNX7PLM	whitesagebundle	1092		2026/06/29 16:15:14 JST	1		11			B0FYCTS187		AMAZON_JP	移行された配送パターン		Inactive
AFENGAUナチュラルホワイトセージスマッジスティック(4インチ) - カリフォルニア栽培セージバンドル マイナスのエネルギー、スピリチュアルな浄化、瞑想、スマッジング儀式のためのクレンジングハウス	0813HU0LLYT	whitesagebundle2	1560		2026/08/13 20:50:38 JST	1		11			B0GDLQ6Z6M		AMAZON_JP	移行された配送パターン		Inactive
【Yinjiyue】AFENGAU 天然ヨモギお香 - 炭不使用・無毒。瞑想、ヨガ、リラクゼーションに最適。自然な睡眠補助、ストレス解消、空気清浄効果のある家庭用ハーブお香 [並行輸入品]	0902HVZQJZ5	xiaoaicao	1581		2026/09/02 17:33:29 JST	1		11			B0HHJ4V77T		AMAZON_JP	移行された配送パターン		Inactive
【Yinjiyue】【よもぎ・浄化・癒し】よもぎ 線香 コルク栓 透明チューブ入 天然由来 無添加 炭不使用 煙少なめ 空気浄化 ストレス解消 瞑想 ヨガ 睡眠改善 リラックス アロマ (香立なし) [並行輸入品]	0710H1QN9L5	よもぎ	3260		2026/07/10 19:18:30 JST	1		11			B0H8DL4M2T		AMAZON_JP	移行された配送パターン		Inactive
【Yinjiyue】【浄化・スマッジング】カリフォルニア産 ホワイトセージ スマッジスティック 約10cm 手巻き 天然100% 無農薬 空間浄化 ネガティブエネルギー除去 瞑想 ヨガ スピリチュアル 引越し祝い ギフト [並行輸入品]	0706HIMC4L4	シロセージ本	873		2026/07/06 19:47:40 JST	1		11			B0H7S7RKG3		AMAZON_JP	移行された配送パターン		Inactive
【Yinjiyue】【天然由来の癒し】よもぎ お香 線香 400本入 約20cm 燃焼時間約30分 煙少なめ 無添加 化学物質不使用 浄化 瞑想 ヨガ リラックス 睡眠 安眠 香木 室内香 ギフト (香立なし) [並行輸入品]	0706HIG5GUZ	ヨモギ	899		2026/07/06 18:52:23 JST	1		11			B0H7S5YXN9		AMAZON_JP	移行された配送パターン		Inactive
【Yinjiyue】【森林浴・ヒノキ風の香り】崖柏 線香 15本入 芯なし 煙少なめ 天然由来 無添加 炭不使用 森の香り 瞑想 ヨガ スパ リラックス ストレス解消 睡眠改善 ギフト (香立なし) [並行輸入品]	0706HIL1MF0	崖柏	1349		2026/07/06 19:34:36 JST	1		11			B0H7SJYD71		AMAZON_JP	移行された配送パターン		Inactive
【Yinjiyue】【森の香り・癒し】松ぼっくり お香 線香 450本入 約20cm 燃焼時間約30分 煙少なめ 無添加 炭不使用 天然由来 浄化 瞑想 ヨガ リラックス 室内香 ギフト (香立なし) [並行輸入品]	0706HICPFF6	松の実	999		2026/07/06 19:08:21 JST	1		11			B0H7S7B1BF		AMAZON_JP	移行された配送パターン		Inactive
【Yinjiyue】【寺院品質・極上の香り】海南沈香 線香 40本入 芯なし 煙少なめ 天然由来100% 無添加 炭不使用 瞑想 ヨガ 浄化 アロマ 仏壇 礼物 ギフト (香立なし) [並行輸入品]	0706HIOUAYL	沈香アロマスティック	1399		2026/07/06 19:21:42 JST	1		11			B0H7SBDZDL		AMAZON_JP	移行された配送パターン		Inactive
