item-name	item-description	listing-id	seller-sku	price	quantity	open-date	image-url	item-is-marketplace	product-id-type	zshop-shipping-fee	item-note	item-condition	zshop-category1	zshop-browse-path	zshop-storefront-feature	asin1	asin2	asin3	will-ship-internationally	expedited-shipping	zshop-boldface	product-id	bid-for-featured-placement	add-delete	pending-quantity	fulfillment-channel	merchant-shipping-group	status
Natural Incense – Stick & Coil – Goose Pear, Sandalwood, Nha Trang Agarwood – Aromatherapy for Home, Meditation, Relaxation (400 Sticks)	Experience the timeless elegance of traditional incense, crafted through generations of refined artistry. This premium incense set includes 400 joss sticks, each meticulously made using the ancient method—sourced from full, rich branches, ground by hand, aged in kilns, and shaped with natural binders to honor the purity of the craft. The fragrance, known as Pear Complex, evokes serenity and refinement with natural fragrant wood enhanced by gentle notes of vanilla and honey. The scent is light, warm, and soothing—never harsh, never artificial. With a burn time of 45 minutes per stick, this incense is perfect for extended meditation, yoga sessions, quiet evenings, or simply refreshing your living space. More than just fragrance, this incense brings a sensory experience rooted in tradition. It cleanses the air, calms the mind, and invites harmony into your daily rituals. With no harsh chemicals or artificial scents, it is safe for all ages and environments. Let each stick take you on a tranquil journey—refined, grounded, and beautifully aromatic.	0619FQOVL3W	1688-GPIncense-1.32-DG	19.98		2025-06-18 23:49:22 PDT		y	3			11				B0FDQ3L67K						702408207356				AMAZON_NA	Migrated Template	Active
Ambergris Incense Sticks – 400 Sticks, Natural & Charcoal-Free, Long-Lasting Scent for Meditation, Relaxation, Stress Relief, Yoga & Home Aromatherapy	Immerse yourself in the rich, oceanic scent of Ambergris Incense Sticks—a luxurious aroma once prized in royal perfumery. Known for its warm, musky base and subtly sweet, marine top notes, ambergris creates a deeply calming and meditative atmosphere. Crafted from natural plant-based materials and free of charcoal or synthetic fillers, these incense sticks burn cleanly and evenly, delivering a smooth, long-lasting fragrance. Ideal for use during meditation, yoga, or evening relaxation, the scent gently fills the space without being overpowering. Ambergris is known for its natural fixative properties, allowing the scent to linger softly and elevate your environment with a sense of peace, clarity, and balance. Whether you're looking to unwind after a long day or enhance your spiritual practice, this incense offers a refined aromatic experience. Each box includes 400 premium incense sticks, beautifully packaged in a gift-ready design—perfect for personal use or thoughtful gifting during holidays, housewarmings, or special occasions.	0701FTJIH3N	Ambergris-1.19-DG	16.99		2025-06-30 23:02:29 PDT		y	3			11				B0FG7CCVCB						702408207332				AMAZON_NA	Migrated Template	Active
Yinjiyue Mugwort Incense Sticks Variety Pack 400 | Cedar, Lavender, Gardenia & Mugwort Incense | Natural Charcoal-Free Incense for Meditation, Yoga & Spiritual Cleansing | Wooden Box	Transform your everyday moments into meaningful rituals with the Yinjiyue 400-Stick Incense Variety Pack. Whether you're settling into a morning yoga session, unwinding after a long day, or simply refreshing the atmosphere in your home, this thoughtfully curated set offers four distinct botanical scents to match every mood and occasion. Four Scents, One Complete Experience Each box contains 100 sticks of four unique fragrances — Cedar, Lavender, Gardenia, and Mugwort — giving you the flexibility to choose the perfect scent for any moment. Cedar brings a warm, woody depth that grounds your space and creates a sense of calm focus — ideal for morning routines, home office sessions, or quiet evenings in. Lavender, one of the most beloved botanicals in the world, delivers a soft, floral aroma that sets a peaceful, serene atmosphere — a natural companion for winding down before bedtime or enjoying a slow weekend afternoon. Gardenia offers a rare, delicately sweet floral fragrance that feels both uplifting and elegant. While most variety packs stick to familiar blends, Yinjiyue brings you this refined botanical that is difficult to find in everyday incense collections. Mugwort, a plant with centuries of cultural significance in East Asian traditions, carries a distinctive earthy, herbal warmth. Its grounding aroma makes it a popular choice for meditation and mindfulness practices, adding a layer of depth and intention to your quiet moments. Crafted Clean — Pure Botanicals, No Compromises Yinjiyue incense sticks are made from 100% natural botanical ingredients, free from synthetic chemicals, charcoal, and artificial additives. Each stick burns with minimal smoke and a clean, even flame, releasing only the authentic fragrance of the plant materials. With an approximate burn time of 45 to 60 minutes per stick, a single box provides hundreds of hours of fragrance. A Gift Worth Giving Presented in a beautifully crafted wooden gift box, this incense set makes an ideal gift for birthdays, housewarmings, holidays, Mother's Day, or as a considered treat for someone who values their personal well-being. The compact wooden box keeps all 400 sticks neatly organized and doubles as a stylish accent piece on any shelf or tabletop. Everything You Need, Right Out of the Box Every Yinjiyue variety pack includes a complimentary wooden incense holder, so you can begin your ritual the moment your order arrives. No additional accessories needed.	0706HH5K4FJ	C0-7SML-QGMM	19.99		2026-07-05 19:58:42 PDT		y	4			11				B0H7R483PY						8711727421291				AMAZON_NA	Migrated Template	Active
YINJIYUE Japanese Hinoki Cypress Incense Sticks, 40-50 Min Long Burning Time, 100% Natural Wood Scent for Meditation, Yoga, Relaxation & Home Fragrance, 1 Tube (~50 Sticks)	🌿 DOUBLE THE BURN TIME, DEEPER RELAXATION：Unlike standard incense that burns out quickly, each 21cm (8.3-inch) YINJIYUE incense stick offers an extended 40-50 minutes of continuous burn time — 2x longer than most competitors. Fully immerse yourself in meditation, yoga, or deep relaxation without interruption. 🌲 100% PURE JAPANESE HINOKI CYPRESS：Experience the authentic, crisp, earthy aroma of natural Japanese Hinoki wood. Zero charcoal, no synthetic fragrances, no toxic additives. The clean, low-smoke burn purifies your space, leaving a soothing forest scent that calms the mind and uplifts the spirit. 🎁 COMPLETE AROMATHERAPY SET — READY TO USE OR GIFT：This premium set includes 1 airtight transparent tube (~50 sticks, 25g). Beautifully packaged in an eco-friendly box — the perfect ready-to-gift set for housewarmings, birthdays, or anyone seeking a zen lifestyle. 💧 INNOVATIVE AIRTIGHT TUBE PACKAGING：Our unique transparent cylindrical tube features a secure airtight cap that locks in the fresh Hinoki aroma and protects sticks from moisture — ensuring every burn is as fragrant as the first. No more stale, scentless incense from paper boxes. 🧘 TRANSFORM ANY SPACE INTO A ZEN SANCTUARY：Whether reading in your study, unwinding in the living room, or practicing mindfulness, YINJIYUE Hinoki incense effortlessly elevates your environment. The subtle yet profound woody fragrance eliminates odors and creates a tranquil, spa-like atmosphere right at home.	0707HMSSEPG	HINOKI	15.99		2026-07-07 01:39:15 PDT		y	3			11				B0H7WPJDP1						758716422622				AMAZON_NA	Migrated Template	Active
AFENGAU Ancient Formula Imperial Palace Incense Sticks - Handmade Song Dynasty Royal Court Incense for Meditation, Ceremony & Stress Relief - Luxury Chinese Emperor's Gift Set	Our AFENGAU mugwort incense is more than just a pleasant scent; it's a tool for wellness. Naturally aid sleep, enhance your meditation and yoga practices, purify your home's air, and enjoy a completely non-toxic, charcoal-free experience.	1029F0Z90KR	ImperialPalace	19.99		2025-10-28 20:53:55 PDT		y	4			11				B0FY5K8HMT						8711727421376				AMAZON_NA	Migrated Template	Active
Natural Mugwort Incense Sticks, Charcoal-Free, Air Purifying, Meditation & Yoga, Relaxation, Sleep Aid, Stress Relief, Indoor Home Incense new Package	Discover the serene power of Mugwort Incense Sticks, your perfect companion for spiritual cleansing and deep relaxation. Beyond its calming fragrance, this herbal wonder acts as a potent air purifier and natural botanical freshener, creating a harmonious and peaceful environment. Elevate your meditation, yoga, or daily mindfulness practices with the soothing properties of these sticks. Their therapeutic scent gently eases tension and promotes peaceful sleep, transforming any space into a sanctuary of tranquility. With a generous 300-count pack, these long-burning sticks ensure lasting enjoyment and continuous atmospheric enhancement. Embrace this ancient tradition for a truly rejuvenating experience that nurtures both body and soul.	0101H3V9KKL	JD-C07S-HKF4	16.99		2025-12-31 20:53:46 PST		y	4			11				B0GDKDTB6C						8711727421505				AMAZON_NA	Migrated Template	Active
Pine Cone Incense Sticks – 450 Sticks, Natural & Charcoal-Free, Earthy Wood Aroma for Meditation, Relaxation, Yoga, Air Purifying & Home Fragrance	<p><b>Bring the serene scent of the forest into your home with our Pine Cone Incense Sticks.</b> Blending natural pine cone fragrance with wood powders and botanical binders, this incense offers a warm, earthy aroma that evokes the peaceful stillness of nature.</p> <p>Free of charcoal and synthetic additives, each stick burns cleanly with a soft trail of smoke—perfect for meditation, yoga, relaxation, or simply refreshing your space. The scent is grounding, subtly resinous, and helps reduce stress while balancing your mood.</p> <p><b>This box contains 450 incense sticks in elegant packaging,</b> making it ideal for long-term personal use or as a meaningful gift for loved ones. Whether you're enhancing your daily rituals or setting the mood for special moments, these incense sticks deliver purity, balance, and deep relaxation.</p>	0701FTFRM9I	PineCone-1.19-DG	19.98		2025-06-30 23:29:23 PDT		y	3			11				B0FG7F3V69						702408207325				AMAZON_NA	Migrated Template	Active
Yinjiyue Sandalwood Essential Oil 10ml, Pure Natural Aromatherapy Oil for Diffuser Humidifier and Massage		0629HOERCTL	S1-WEYZ-1LN0	9.99		2026-06-29 01:47:47 PDT		y	1			11				B0H3J6LR1K						B0H3J6LR1K				AMAZON_NA	Migrated Template	Active
yinjiyue Weighted Eye Mask for Sleeping, Reversible Cool-Touch & Plush Sleep Mask, Quiet Adjustable Closure, Contoured Nose Fit for Bedtime, Naps & Travel, Navy	Sleeping masks are a simple yet effective solution for achieving deeper, more restful sleep. Designed to block out unwanted light, these masks create a dark environment that signals your brain to relax and drift off more easily. Whether you are a light sleeper, a frequent traveler, or someone who works night shifts, a quality sleeping mask can make a significant difference in your sleep quality. Most sleeping masks are crafted from soft, lightweight materials that sit gently against your face without causing discomfort. Many feature adjustable straps to ensure a secure yet comfortable fit for all head sizes. Some designs include contoured cups that prevent pressure on your eyes, allowing you to blink freely while wearing them. Sleeping masks are compact and portable, making them a great travel companion for long flights or hotel stays. They are easy to clean and maintain, and many are suitable for both men and women. If you struggle with falling asleep in bright environments, a sleeping mask is a practical and affordable addition to your nightly routine.	0907HC6RFWN	Sleeping Mask	9.99		2026-09-06 18:51:42 PDT		y	4			11				B0HJ1GPC2S						8711727421574				AMAZON_NA	Migrated Template	Active
YINJIYUE Celadon Leaf Incense Holder - Zero-Mess Ash Catcher, Precision 3-Hole, Premium Porcelain Incense Stick Holder for Meditation, Yoga & Home Decor	Celadon Leaf Ceramic Incense Stick Holder with Ash Catcher Tray<br><br>Bring quiet oriental zen atmosphere to your living space with our hand-glazed celadon willow leaf incense burner. Crafted with traditional celadon craft, the soft sage green glaze delivers gentle natural texture, blending seamlessly with modern minimalist, rustic, Japanese wabi-sabi, bohemian home styles.<br><br>This all-in-one incense holder combines stick support and full-length ash collection tray in one piece. The elongated leaf basin fully contains falling ash, eliminating messy cleanup and ash spillage on wooden furniture, fabric surfaces or altar tables. The spiral curled head features multiple sized insertion holes, compatible with most standard thin incense sticks from major brands.<br><br>Solid high-fired ceramic material offers excellent heat resistance, it will not deform or crack under long-term incense burning. The sealed glossy glaze repels smoke residue, only a quick wipe with tissue is needed to clean ash after use.<br><br>Wide application scenarios: Place it in your bedroom for calming bedtime aromatherapy, set it on tea table for slow tea time, use during yoga & mindfulness meditation, decorate bathroom, reading nook or spiritual altar. It is also a thoughtful unique gift for incense collectors, yogis, new homeowners on birthdays, holidays.<br><br><br>Product Specifications<br><br> Material: High-temperature celadon ceramic<br><br> Color: Vintage celadon sage green<br><br> Shape: Natural willow leaf with spiral stick holder<br><br> Function: Incense stick support + full ash catcher tray<br><br> Compatible: All standard thin incense sticks<br><br><br>Warm Tips<br><br>1. Always place on heat-resistant flat surface while burning incense<br><br>2. Keep away from flammable fabrics, curtains and pets<br><br>3. Allow ceramic to fully cool before cleaning leftover ash<br><br>	0629HNMIE48	YJY-IH-CELADON-LEAF-US	9.99		2026-06-28 21:05:05 PDT		y	3			11				B0H6WKJKSG						738128732533				AMAZON_NA	Migrated Template	Active
AFENGAU Agarwood Incense Sticks - 40 Thick Sticks 9 Inch Thick Natural Charcoal Free Oud, Authentic Chinese Agarwood for Meditation & Luxury	<p>AFENGAU Agarwood Incense Sticks - 40 Premium Sticks</p><p>THE MAGIC OF AGARWOOD<br>Experience the authentic essence of Agarwood with our premium incense sticks. Crafted to capture the delicate and natural fragrance, these sticks transform any space into a peaceful sanctuary, bringing the beauty of nature directly into your home.</p><p>40 STICKS - EXCEPTIONAL VALUE<br>While most brands offer fewer sticks at higher prices, AFENGAU provides 40 premium sticks in every beautifully packaged glass tube. This ensures you have an abundant supply for your daily rituals, meditation sessions, or simply to keep your home smelling wonderful for months.</p><p>CORELESS LOW-SMOKE FORMULA<br>Our natural incense features a coreless design that burns cleanly and evenly. The low-smoke formula ensures that you enjoy the pure, delicate fragrance without any harsh, overwhelming smoke or artificial chemical undertones. Perfect for those sensitive to strong odors.</p><p>PERFECT FOR:<br>- Daily meditation and mindfulness<br>- Yoga and breathing exercises<br>- Air purifying and odor elimination<br>- Creating a relaxing home sanctuary<br>- Thoughtful gifting for loved ones</p><p>PRODUCT SPECIFICATIONS:<br>- Quantity: 40 Sticks<br>- Stick Length: 9 inches (23 cm)<br>- Burn Time: Approximately 40-45 minutes per stick<br>- Packaging: Premium clear glass tube with cork stopper<br>- Ingredients: Natural wood powder and essential oils</p>	0504HD7NOOF	YJY-INC-AGARWOOD-40-US	19.99		2026-05-03 20:06:19 PDT		y	4			11				B0GZDJVS2P						8711727421185				AMAZON_NA	Migrated Template	Active
AFENGAU Bamboo Forest Incense Sticks -120 Sticks Natural Coreless Low Smoke, Zen Meditation & Home Fragrance, Authentic Chinese Bamboo Aroma	<p>AFENGAU Bamboo Forest Incense Sticks - 120 Premium Sticks</p><p>THE MAGIC OF BAMBOO FOREST<br>Experience the authentic essence of Bamboo Forest with our premium incense sticks. Crafted to capture the delicate and natural fragrance, these sticks transform any space into a peaceful sanctuary, bringing the beauty of nature directly into your home.</p><p>120 STICKS - EXCEPTIONAL VALUE<br>While most brands offer fewer sticks at higher prices, AFENGAU provides 120 premium sticks in every beautifully packaged glass tube. This ensures you have an abundant supply for your daily rituals, meditation sessions, or simply to keep your home smelling wonderful for months.</p><p>CORELESS LOW-SMOKE FORMULA<br>Our natural incense features a coreless design that burns cleanly and evenly. The low-smoke formula ensures that you enjoy the pure, delicate fragrance without any harsh, overwhelming smoke or artificial chemical undertones. Perfect for those sensitive to strong odors.</p><p>PERFECT FOR:<br>- Daily meditation and mindfulness<br>- Yoga and breathing exercises<br>- Air purifying and odor elimination<br>- Creating a relaxing home sanctuary<br>- Thoughtful gifting for loved ones</p><p>PRODUCT SPECIFICATIONS:<br>- Quantity: 120 Sticks<br>- Stick Length: 9 inches (23 cm)<br>- Burn Time: Approximately 40-45 minutes per stick<br>- Packaging: Premium clear glass tube with cork stopper<br>- Ingredients: Natural wood powder and essential oils</p>	0504HCPLNFM	YJY-INC-BAMBOO-60-US	19.99		2026-05-03 20:00:20 PDT		y	4			11				B0GZDRB1TX						8711727421093				AMAZON_NA	Migrated Template	Active
AFENGAU Cherry Blossom Incense Sticks - 20 Sticks Natural Coreless Low Smoke, Premium Japanese Spring Floral for Meditation & Gift	<p>AFENGAU Cherry Blossom Incense Sticks - 20 Premium Sticks</p><p>THE MAGIC OF CHERRY BLOSSOM<br>Experience the authentic essence of Cherry Blossom with our premium incense sticks. Crafted to capture the delicate and natural fragrance, these sticks transform any space into a peaceful sanctuary, bringing the beauty of nature directly into your home.</p><p>20 STICKS - EXCEPTIONAL VALUE<br>While most brands offer fewer sticks at higher prices, AFENGAU provides 20 premium sticks in every beautifully packaged glass tube. This ensures you have an abundant supply for your daily rituals, meditation sessions, or simply to keep your home smelling wonderful for months.</p><p>CORELESS LOW-SMOKE FORMULA<br>Our natural incense features a coreless design that burns cleanly and evenly. The low-smoke formula ensures that you enjoy the pure, delicate fragrance without any harsh, overwhelming smoke or artificial chemical undertones. Perfect for those sensitive to strong odors.</p><p>PERFECT FOR:<br>- Daily meditation and mindfulness<br>- Yoga and breathing exercises<br>- Air purifying and odor elimination<br>- Creating a relaxing home sanctuary<br>- Thoughtful gifting for loved ones</p><p>PRODUCT SPECIFICATIONS:<br>- Quantity: 20 Sticks<br>- Stick Length: 9 inches (23 cm)<br>- Burn Time: Approximately 40-45 minutes per stick<br>- Packaging: Premium clear glass tube with cork stopper<br>- Ingredients: Natural wood powder and essential oils</p>	0504HCYWA3A	YJY-INC-CHERRY-100-US	19.99		2026-05-03 20:12:31 PDT		y	4			11				B0GZDCC4MC						8711727421178				AMAZON_NA	Migrated Template	Active
AFENGAU 15 Sticks Rare Cliff Cypress Incense – Natural Hinoki-Style, Low Smoke, Woody Aromatherapy for Meditation, Yoga & Home Spa	<p>AFENGAU Hinoki Incense Sticks - 15 Premium Sticks</p><p>THE MAGIC OF HINOKI<br>Experience the authentic essence of Hinoki with our premium incense sticks. Crafted to capture the delicate and natural fragrance, these sticks transform any space into a peaceful sanctuary, bringing the beauty of nature directly into your home.</p><p>15 STICKS - EXCEPTIONAL VALUE<br>While most brands offer fewer sticks at higher prices, AFENGAU provides 15 premium sticks in every beautifully packaged glass tube. This ensures you have an abundant supply for your daily rituals, meditation sessions, or simply to keep your home smelling wonderful for months.</p><p>CORELESS LOW-SMOKE FORMULA<br>Our natural incense features a coreless design that burns cleanly and evenly. The low-smoke formula ensures that you enjoy the pure, delicate fragrance without any harsh, overwhelming smoke or artificial chemical undertones. Perfect for those sensitive to strong odors.</p><p>PERFECT FOR:<br>- Daily meditation and mindfulness<br>- Yoga and breathing exercises<br>- Air purifying and freshening the space<br>- Creating a relaxing home sanctuary<br>- Thoughtful gifting for loved ones</p><p>PRODUCT SPECIFICATIONS:<br>- Quantity: 15 Sticks<br>- Stick Length: 9 inches (23 cm)<br>- Burn Time: Approximately 40-45 minutes per stick<br>- Packaging: Premium clear glass tube with cork stopper<br>- Ingredients: Natural wood powder and essential oils</p>	0504HD12HTP	YJY-INC-HINOKI-60-US	19.99		2026-05-03 20:06:24 PDT		y	4			11				B0GZDQPWFN						8711727421147				AMAZON_NA	Migrated Template	Active
AFENGAU Magnolia Incense Sticks - 47 Sticks Premium Natural Coreless, Authentic Chinese Yulan Magnolia Fragrance for Meditation & Yoga	<p>AFENGAU Magnolia Incense Sticks - 47 Premium Sticks</p><p>THE MAGIC OF MAGNOLIA<br>Experience the authentic essence of Magnolia with our premium incense sticks. Crafted to capture the delicate and natural fragrance, these sticks transform any space into a peaceful sanctuary, bringing the beauty of nature directly into your home.</p><p>47 STICKS - EXCEPTIONAL VALUE<br>While most brands offer fewer sticks at higher prices, AFENGAU provides 47 premium sticks in every beautifully packaged. This ensures you have an abundant supply for your daily rituals, meditation sessions, or simply to keep your home smelling wonderful for months.</p><p>CORELESS LOW-SMOKE FORMULA<br>Our natural incense features a coreless design that burns cleanly and evenly. The low-smoke formula ensures that you enjoy the pure, delicate fragrance without any harsh, overwhelming smoke or artificial chemical undertones. Perfect for those sensitive to strong odors.</p><p>PERFECT FOR:<br>- Daily meditation and mindfulness<br>- Yoga and breathing exercises<br>- Air purifying and odor elimination<br>- Creating a relaxing home sanctuary<br>- Thoughtful gifting for loved ones</p><p>PRODUCT SPECIFICATIONS:<br>- Quantity: 47 Sticks<br>- Stick Length: 9 inches (23 cm)<br>- Burn Time: Approximately 40-45 minutes per stick<br>- Packaging: Premium clear glass tube with cork stopper<br>- Ingredients: Natural wood powder and essential oils</p>	0504HD51P5F	YJY-INC-MAGNOLIA-110-US	19.99		2026-05-03 20:00:39 PDT		y	4			11				B0GZDTNZWT						8711727421123				AMAZON_NA	Migrated Template	Active
AFENGAU Osmanthus Incense Sticks - 47 Sticks Premium Natural Coreless Chinese GUI Hua, Sweet Apricot Floral Aroma for Meditation, Yoga & Home Fragrance | Low Smoke Non Toxic Aromatherapy Gift	Discover the Enchanting Scent of Natural Osmanthus Elevate your everyday environment with our exquisite Natural Osmanthus Incense Sticks. Designed to bring a touch of nature's elegance into your space, each stick releases the authentic, delicate, and sweet fragrance of real osmanthus flowers. This captivating aroma is renowned for its ability to create a serene and uplifting atmosphere, transforming any room into a peaceful sanctuary. Premium Quality & Convenient Supply Our commitment to quality ensures that every one of the 47 incense sticks is carefully crafted for a consistent and long-lasting burn. You'll enjoy a steady release of soothing floral scent, perfect for extended periods of relaxation, meditation, or simply unwinding after a long day. This convenient pack size offers an ideal supply for regular use, allowing you to easily maintain your desired ambiance. Perfect for Any Setting Whether you're looking to enhance the tranquility of your home, create a focused and calm atmosphere in your office, or enrich your yoga and meditation practices, these osmanthus incense sticks are the ideal choice. Made with pure and natural ingredients, they offer a clean and delightful aromatic experience, free from artificial additives. Immerse yourself in the gentle embrace of osmanthus and let its natural charm uplift your spirits.	0504HD4X9LF	YJY-INC-OSMANTHUS-110-US	19.99		2026-05-03 20:00:45 PDT		y	4			11				B0GZDKBPXK						8711727421130				AMAZON_NA	Migrated Template	Active
AFENGAU Pine Smoke Incense Sticks - 60 Sticks Natural Charcoal Free Coreless, Traditional Chinese Pine Resin Aroma for Meditation & Zen	<p>AFENGAU Pine Smoke Incense Sticks - 60 Premium Sticks</p><p>THE MAGIC OF PINE SMOKE<br>Experience the authentic essence of Pine Smoke with our premium incense sticks. Crafted to capture the delicate and natural fragrance, these sticks transform any space into a peaceful sanctuary, bringing the beauty of nature directly into your home.</p><p>60 STICKS - EXCEPTIONAL VALUE<br>While most brands offer fewer sticks at higher prices, AFENGAU provides 60 premium sticks in every beautifully packaged glass tube. This ensures you have an abundant supply for your daily rituals, meditation sessions, or simply to keep your home smelling wonderful for months.</p><p>CORELESS LOW-SMOKE FORMULA<br>Our natural incense features a coreless design that burns cleanly and evenly. The low-smoke formula ensures that you enjoy the pure, delicate fragrance without any harsh, overwhelming smoke or artificial chemical undertones. Perfect for those sensitive to strong odors.</p><p>PERFECT FOR:<br>- Daily meditation and mindfulness<br>- Yoga and breathing exercises<br>- Air purifying and odor elimination<br>- Creating a relaxing home sanctuary<br>- Thoughtful gifting for loved ones</p><p>PRODUCT SPECIFICATIONS:<br>- Quantity: 60 Sticks<br>- Stick Length: 9 inches (23 cm)<br>- Burn Time: Approximately 40-45 minutes per stick<br>- Packaging: Premium clear glass tube with cork stopper<br>- Ingredients: Natural wood powder and essential oils</p>	0504HCXAAHG	YJY-INC-PINE-60-US	19.99		2026-05-03 20:06:31 PDT		y	4			11				B0GZDG7K98						8711727421192				AMAZON_NA	Migrated Template	Active
AFENGAU Plum Blossom Incense Sticks - 15 Coreless Low Smoke for Meditation & Home	AFENGAU Plum Blossom Incense Sticks offer a serene and authentic sensory experience, inviting you to embrace moments of stillness and reflection. Each pack contains 15 meticulously crafted coreless incense sticks, designed to transform your space into a peaceful sanctuary. Inspired by the enduring beauty of Chinese plum blossoms, our incense captures a delicate winter floral aroma, symbolizing resilience and renewal. The innovative coreless design ensures an ultra-low smoke burn, releasing a pure and clean fragrance without any harsh undertones, making it ideal for meditation, yoga, or simply enhancing your home's ambiance. AFENGAU incense is handcrafted using traditional techniques with only natural botanical essences and herbal ingredients, free from artificial fragrances, charcoal, and synthetic binders. This commitment to purity provides a pristine and calming experience. Perfect for personal wellness rituals or as a thoughtful gift, these incense sticks offer a unique journey into tranquility. Each stick burns for approximately 40-45 minutes, allowing for extended periods of relaxation and mindfulness. Embrace the subtle elegance and profound peace that AFENGAU Plum Blossom Incense brings to your daily life.	0504HCSA6RP	YJY-INC-PLUM-110-US	19.99		2026-05-03 20:00:33 PDT		y	4			11				B0GZDN4VR8						8711727421116				AMAZON_NA	Migrated Template	Active
AFENGAU Wisteria Incense Sticks - 20 Sticks Natural Coreless Floral, Japanese Spring Aromatherapy for Meditation & Relaxation, Premium Gift	<p>AFENGAU Wisteria Incense Sticks - 20 Premium Sticks</p><p>THE MAGIC OF WISTERIA<br>Experience the authentic essence of Wisteria with our premium incense sticks. Crafted to capture the delicate and natural fragrance, these sticks transform any space into a peaceful sanctuary, bringing the beauty of nature directly into your home.</p><p>20 STICKS - EXCEPTIONAL VALUE<br>While most brands offer fewer sticks at higher prices, AFENGAU provides 20 premium sticks in every beautifully packaged glass tube. This ensures you have an abundant supply for your daily rituals, meditation sessions, or simply to keep your home smelling wonderful for months.</p><p>CORELESS LOW-SMOKE FORMULA<br>Our natural incense features a coreless design that burns cleanly and evenly. The low-smoke formula ensures that you enjoy the pure, delicate fragrance without any harsh, overwhelming smoke or artificial chemical undertones. Perfect for those sensitive to strong odors.</p><p>PERFECT FOR:<br>- Daily meditation and mindfulness<br>- Yoga and breathing exercises<br>- Air purifying and odor elimination<br>- Creating a relaxing home sanctuary<br>- Thoughtful gifting for loved ones</p><p>PRODUCT SPECIFICATIONS:<br>- Quantity: 20 Sticks<br>- Stick Length: 9 inches (23 cm)<br>- Burn Time: Approximately 40-45 minutes per stick<br>- Packaging: Premium clear glass tube with cork stopper<br>- Ingredients: Natural wood powder and essential oils</p>	0504HCYSYSA	YJY-INC-WISTERIA-60-US	19.99		2026-05-03 20:00:26 PDT		y	4			11				B0GZDGRVCP						8711727421109				AMAZON_NA	Migrated Template	Active
AFENGAU Yuzu Incense Sticks - 200 Sticks Natural Japanese Citrus Coreless, Refreshing Uplifting Aroma for Meditation, Yoga & Energy	<p>AFENGAU Yuzu Incense Sticks - 200 Premium Sticks</p><p>THE MAGIC OF YUZU<br>Experience the authentic essence of Yuzu with our premium incense sticks. Crafted to capture the delicate and natural fragrance, these sticks transform any space into a peaceful sanctuary, bringing the beauty of nature directly into your home.</p><p>200 STICKS - EXCEPTIONAL VALUE<br>While most brands offer fewer sticks at higher prices, AFENGAU provides 200 premium sticks in every beautifully packaged glass tube. This ensures you have an abundant supply for your daily rituals, meditation sessions, or simply to keep your home smelling wonderful for months.</p><p>CORELESS LOW-SMOKE FORMULA<br>Our natural incense features a coreless design that burns cleanly and evenly. The low-smoke formula ensures that you enjoy the pure, delicate fragrance without any harsh, overwhelming smoke or artificial chemical undertones. Perfect for those sensitive to strong odors.</p><p>PERFECT FOR:<br>- Daily meditation and mindfulness<br>- Yoga and breathing exercises<br>- Air purifying and odor elimination<br>- Creating a relaxing home sanctuary<br>- Thoughtful gifting for loved ones</p><p>PRODUCT SPECIFICATIONS:<br>- Quantity: 200 Sticks<br>- Stick Length: 9 inches (23 cm)<br>- Burn Time: Approximately 40-45 minutes per stick<br>- Packaging: Premium clear glass tube with cork stopper<br>- Ingredients: Natural wood powder and essential oils</p>	0504HD0RQTH	YJY-INC-YUZU-60-US	19.99		2026-05-03 20:12:23 PDT		y	4			11				B0GZDNRYX7						8711727421154				AMAZON_NA	Migrated Template	Active
Hainan Agarwood Incense Sticks (40 Pack) - Premium Chinese Agarwood, Coreless & Low Smoke for Temple, Meditation & Aromatherapy | Natural, Non-Toxic Oudh Incense for Spiritual Relaxation (agarwood)	Deepen meditation and enhance mindfulness Soothe the mind and relieve stress Purify your space and spirit Clean-burning coreless tip 100% natural, unprocessed agarwood Low smoke, non-toxic	1029F27NTPC	argarwood40	9.9		2025-10-29 03:28:51 PDT		y	4			11				B0FY6QW1LV						8711727421437				AMAZON_NA	Migrated Template	Active
AFENGAU Brass Lotus Incense Holder for Sticks, Cone Incense Burner with Detachable Ash Catcher - Decorative Incense Stick Holder for Meditation, Yoga, Home Fragrance & Aromatherapy	Find Your Inner Peace with the Seedlink Brass Lotus Incense Holder Rediscover tranquility and elevate your home's ambiance with the Seedlink Brass Lotus Incense Holder. This exquisite incense burner is more than just a functional item; it's a piece of art designed to bring a sense of calm and serenity to your space. Whether you're deepening your meditation practice, unwinding with aromatherapy, or simply adding a touch of elegance to your home decor, this incense holder is the perfect companion. Timeless Design Meets Modern Convenience Crafted from high-quality, solid brass with a beautiful antique finish, the lotus flower design is a symbol of purity, enlightenment, and rebirth. This durable and heat-resistant incense burner is built to last, ensuring you can enjoy its beauty for years to come. The innovative two-piece design features a detachable ash catcher, making cleanup effortless and keeping your surfaces pristine. No more messy ash spills—just pure, fragrant bliss. Versatile and Easy to Use This versatile incense holder is designed to accommodate both traditional incense sticks and cones, providing you with the flexibility to enjoy a wide variety of fragrances. It can also be used as a charcoal burner for resin or powder incense, making it a truly all-in-one solution for your home fragrance needs. The setup is simple, and the cleaning is even easier, allowing you to focus on what matters most: your moment of peace. A Perfect Gift for a Loved One Presented in elegant packaging, the Seedlink Brass Lotus Incense Holder makes a thoughtful and unique gift for any occasion. It's an ideal present for friends and family who appreciate mindfulness, yoga, meditation, or simply the beauty of a well-crafted home accessory. Give the gift of tranquility and style with this stunning decorative incense holder. From Our Home to Yours As a US-based small business, we are dedicated to creating high-quality products that bring joy and serenity to your life. We stand behind the craftsmanship of our products and are committed to your satisfaction. Experience the Seedlink difference and transform your space into a haven of peace and beauty.	1029F1WTE88	blueih	9.99		2025-10-29 01:11:14 PDT		y	4			11				B0FY67YPSM						8711727421390				AMAZON_NA	Migrated Template	Active
AFENGAU Chinese Incense Holder for Sticks with Ash Catcher - Wooden Incense Burner Box with Storage, Ceramic Lined, Anti-Ash, for Meditation, Yoga, Home Decor (Balck - Cloud)	Every detail of the Seedlink Incense Holder is crafted to enhance your experience. Our innovative Anti-Ash Design ensures a clean, mess-free environment. The clever Dual-Function Storage keeps your incense sticks organized and protected. And the Premium Craftsmanship, using high-quality wood and ceramic, guarantees a product that is both beautiful and durable.	1028FWICV27	ihcloud	19.99		2025-10-27 20:58:58 PDT		y	4			11				B0FY1T38P1						8711727421307				AMAZON_NA	Migrated Template	Active
AFENGAU Chinese Incense Holder for Sticks with Ash Catcher - Wooden Incense Burner Box with Storage, Ceramic Lined, Anti-Ash, for Meditation, Yoga, Home Decor (Black - Lotus Flower)	Every detail of the Seedlink Incense Holder is crafted to enhance your experience. Our innovative Anti-Ash Design ensures a clean, mess-free environment. The clever Dual-Function Storage keeps your incense sticks organized and protected. And the Premium Craftsmanship, using high-quality wood and ceramic, guarantees a product that is both beautiful and durable.	1028FWSZJ5S	ihlotusflower	19.99		2025-10-27 20:58:58 PDT		y	4			11				B0FY1RZGZH						8711727421314				AMAZON_NA	Migrated Template	Active
Wooden Aromatherapy Incense Holder – Upside Down Hanging Rack with 1L Ash Catcher for Home Office or Yoga Space Décor & Meditation (Glass Height 17cm)	<p>Elevate your space with this beautifully crafted Wooden Aromatherapy Incense Holder, designed to combine relaxation with elegant home décor. Featuring a unique upside-down hanging design, this incense rack not only adds a serene atmosphere to any room but also serves as a minimalist decorative piece.</p> <p>Made from high-quality natural wood, it securely holds your incense sticks while allowing the ash to gently fall into the integrated ash collector — keeping your surfaces clean and mess-free. Whether you're meditating, relaxing after a long day, or enhancing the ambiance of your living room, yoga space, or office, this incense holder is the perfect companion.</p> <p><b>Perfect for gifting</b> or enhancing your own home sanctuary, <b>this hanging incense rack</b> blends functionality with timeless style. Light your favorite incense and let the soothing aroma elevate your mood and your space.</p>	1029F1AV0NA	incenseholder17cm	9.8		2025-10-28 23:26:17 PDT		y	3			11				B0FY5P2M4S						702408207318				AMAZON_NA	Migrated Template	Active
AFENGAU Incense Holder for Sticks with Glass Ash Catcher, Upside Down Anti-Ash Incense Burner, Modern Vertical Incense Stick Holder for Home Decor, Yoga, Meditation Room, and Spa	Enhance the ambiance of your space with the AFENGAU Upside Down Incense Holder. Designed for those who appreciate both form and function, this modern incense burner offers a practical way to enjoy your favorite incense sticks while adding a touch of elegance to your home decor. The unique vertical design suspends the incense stick upside down. As the incense burns, the ash falls directly into the transparent glass cylinder below. This design helps contain the ash in one place, reducing scattered mess on your furniture and making cleanup easier. The clear glass also helps shield the falling ash from light indoor drafts while preserving a calming view of the burning incense. Whether you are unwinding after a long day, practicing yoga, or meditating, this incense holder fits seamlessly into your routine. Its minimalist appearance complements a variety of interior styles, from modern and zen to rustic and boho. It is an ideal decorative piece for bedrooms, living rooms, spas, and home offices. How to Use: 1. Secure the unlit end of your incense stick into the top holder. 2. Light the tip of the incense stick and gently blow out the flame. 3. Carefully place the holder over the opening of the glass ash catcher. 4. Allow the incense to burn and the ash to collect at the bottom. Care Instructions: Wait for the glass ash catcher to cool completely before handling. Empty the ash into a trash bin and wipe the glass clean with a soft cloth or wash it with mild soap and water. Always place the incense holder on a flat, stable, and heat-resistant surface away from flammable materials. (Note: Ensure your incense sticks are not longer than the glass cylinder to prevent the lit end from touching the bottom.)	0101H3QY0L1	incenseholder20cm	9.99		2025-12-31 20:12:46 PST		y	4			11				B0GDKRTTJ1						8711727421512				AMAZON_NA	Migrated Template	Active
Authentic Lakawood Incense Sticks for Meditation & Purification Natural Chinese Rosewood (Dalbergia) Joss Sticks for Taoist Rituals & Spiritual Cleansing | Long Burning, Low Smoke	For centuries, Taoist masters sought a sacred tool to purify the soul and commune with the divine. They found it in Jiangzhenxiang, the "Incense of Descending Truth." Sourced from the rare resin of the Dalbergia tree, this hallowed fragrance was believed to clear negative energy and open pathways to spiritual clarity. We journeyed through ancient texts and traditions to bring this legendary purification incense back to the modern world, crafted with the same reverence and purity as the masters of old.	1029F0YCQQS	lakawood	19.99		2025-10-28 20:53:56 PDT		y	4			11				B0FY59TXJK						8711727421352				AMAZON_NA	Migrated Template	Active
400 Lavender Incense Sticks Bulk Pack | Natural & Non-Toxic for Authentic Aromatherapy | Calming Lavender Scent for Meditation, Stress Relief & Positive Vibes | Includes Premium Wooden Storage Box	Our lavender incense sticks bring the calming essence of pure lavender fields directly to your home. Each box contains 400 hand-dipped incense sticks made with natural lavender essential oils, providing months of aromatic enjoyment. The premium wooden storage box preserves freshness while adding elegant decor to any space. Perfect for meditation, yoga, stress relief, better sleep, and creating positive energy in your environment.	1027FRMNAXO	lavender01	19.99		2025-10-26 17:14:00 PDT		y	3			11				B0FXW2KHWZ						702408207295				AMAZON_NA	Migrated Template	Active
Lavender Incense Sticks Bulk Pack 40pcs -Natural & Non-Toxic for Authentic Aromatherapy Calming Lavender Scent for Meditation, Stress Relief & Positive Vibes	Our AFENGAU lavender incense sticks bring the calming essence of pure lavender fields directly to your home. Each box contains 40 hand-dipped incense sticks made with natural lavender essential oils, providing months of aromatic enjoyment. The premium wooden storage box preserves freshness while adding elegant decor to any space. Perfect for meditation, yoga, stress relief, better sleep, and creating positive energy in your environment.	1029F21DK6P	lavender02	5.99		2025-10-29 02:58:56 PDT		y	4			11				B0FY6JQRB9						8711727421406				AMAZON_NA	Migrated Template	Active
AFENGAU Brass Lotus Incense Holder for Sticks, Vintage Incense Burner with Detachable Ash Catcher for Meditation, Yoga & Home Decor	Discover Tranquility and Elegance with the Seedlink Brass Lotus Incense Burner Transform your home into a sanctuary of peace with the Seedlink Brass Lotus Incense Holder. Meticulously designed to blend traditional artistry with modern functionality, this incense burner is the perfect centerpiece for any room dedicated to relaxation and mindfulness. The intricate, multi-layered lotus flower symbolizes purity and enlightenment, making it a meaningful addition to your meditation or yoga space. Crafted for Beauty, Designed for Life Our vintage-inspired incense holder is constructed from a premium, heavy-duty zinc alloy with a stunning antique brass finish. This ensures not only its longevity but also its ability to serve as a captivating piece of home decor. The unique detachable ash catcher is a game-changer, designed to contain all falling ash and prevent any mess. This thoughtful feature makes it incredibly easy to maintain a clean and tidy environment, allowing you to focus fully on your moments of zen. Whether you are deepening your spiritual practice, enjoying aromatherapy, or simply adding a touch of elegance to your living space, this incense burner for sticks is designed to meet your needs. It provides a stable and secure base for your favorite incense, allowing the fragrant smoke to gently fill your space and calm your mind. Key Features at a Glance: Material: High-Quality Brass & Zinc Alloy Design: Multi-Layer Lotus Flower Function: Holds Incense Sticks Securely Benefit: Detachable Base for Easy Ash Cleanup Ideal For: Meditation, Yoga, Aromatherapy, Home Decor, Gifting Embrace a more mindful lifestyle and elevate your home's ambiance. Add the Seedlink Brass Lotus Incense Holder to your cart today and experience the perfect blend of beauty, function, and tranquility.	1029F1N7PTT	lotus	5.99		2025-10-29 01:01:08 PDT		y	4			11				B0FY67W88Z						8711727421383				AMAZON_NA	Migrated Template	Active
AFENGAU Natural Mugwort Incense Sticks for Calming Meditation, Yoga, Relaxation. Natural Sleep Aid, Stress Relief and Air Purifying Herbal Incense (Mugwort)	Our AFENGAU mugwort incense is more than just a pleasant scent; it's a tool for wellness. Naturally aid sleep, enhance your meditation and yoga practices, purify your home's air, and enjoy a completely non-toxic, charcoal-free experience.	1029F0M9FMH	mugwort	16.99		2025-10-28 20:53:55 PDT		y	4			11				B0FY5DT9BR						8711727421338				AMAZON_NA	Migrated Template	Active
AFENGAU Natural Mugwort Incense Sticks - Charcoal-Free & Non-Toxic for Calming Meditation, Yoga, Relaxation. Natural Sleep Aid, Stress Relief & Air Purifying Herbal Incense for Home.	At AFENGAU, we believe in the power of nature to restore balance and tranquility to our lives. Our journey began in the pristine fields where ancient mugwort grows, a plant revered for centuries for its purifying and calming properties. We are dedicated to bringing you the purest, most authentic aromatherapy experience, handcrafted with respect for the earth and a passion for your well-being.	1029F287NMT	mugwort40	9.9		2025-10-29 03:28:51 PDT		y	4			11				B0FY6MK2D4						8711727421444				AMAZON_NA	Migrated Template	Active
Natural Mugwort Incense Sticks, Charcoal-Free, Air Purifying, Stress Relief, Meditation, Yoga & Sleep Aid	Bring a sense of calm and tranquility to your space with these Natural Mugwort Incense Sticks. Crafted from pure mugwort, these charcoal-free incense sticks are a wonderful addition to your daily wellness routine. Whether you are practicing meditation, yoga, or simply looking to unwind after a long day, these incense sticks create a soothing atmosphere that helps ease stress and promote relaxation. The gentle, earthy aroma of mugwort has long been cherished for its calming properties, making it an ideal companion for restful sleep and peaceful evenings at home. Each bundle is neatly packaged in a clear tube sealed with a natural cork stopper, keeping the sticks fresh and protected. The clean-burning, charcoal-free formula means you can enjoy a purer, more natural fragrance experience while also helping to freshen the air in your living space. Perfect for use in bedrooms, living rooms, or any personal sanctuary, these mugwort incense sticks make a thoughtful gift for anyone who values mindfulness and relaxation. Light one up, breathe deeply, and let the natural scent of mugwort transform your environment into a peaceful retreat.	0411HRFECMN	mugworthy	19.99		2026-04-11 05:22:53 PDT		y	4			11				B0GWVLF81Y						8711727421543				AMAZON_NA	Migrated Template	Active
AFENGAU Natural Osmanthus Incense Sticks (400 Pack) - Authentic Sweet Floral Scent for Relaxation, Meditation, Spiritual Cleansing - Slow Burning Incense for Aromatherapy, Yoga	At AFENGAU, we believe that tranquility is not a luxury, but a necessity. Our journey began in the serene highlands where the sweet-scented osmanthus flower has been cherished for centuries. We partner with local artisans who practice sustainable harvesting, ensuring that every incense stick we create is a testament to nature's purity and potency. Our mission is to bring this ancient tradition of aromatherapy into your home, helping you sow the seeds of serenity in your daily life. We are more than just an incense brand; we are a link to a more peaceful, mindful, and fragrant world.	1029F09CCL5	osmanthus	16.99		2025-10-28 20:53:56 PDT		y	4			11				B0FY55B96L						8711727421345				AMAZON_NA	Migrated Template	Active
AFENGAU Palo Santo Incense Sticks (20 Pack) –Pure Organic & Natural Hand-Rolled Peruvian Palo Santo Wood for Spiritual Cleansing, Meditation & Aromatherapy	AUTHENTIC & SLOW-BURNING HOLY WOOD – Each of our 20 premium incense sticks is rich in natural resin, ensuring a slow, consistent burn that fills your room with a long-lasting, pleasant fragrance. Simply light the tip, allow it to burn for 30-60 seconds, and blow out the flame to enjoy hours of gentle, aromatic smoke.	1030F54YUG4	palosanto	9.99		2025-10-29 20:43:28 PDT		y	4			11				B0FYCG49CK						8711727421475				AMAZON_NA	Migrated Template	Active
AFENGAU Pine Cone Incense Sticks, Natural Charcoal-Free, Stick Form, Earthy Wood Aroma for Meditation, Relaxation, Yoga & Home Fragrance	Bring the serene essence of a pine forest into your home with these Pine Cone Incense Sticks by AFENGAU. Crafted without charcoal or harsh chemicals, these natural incense sticks deliver a gentle, earthy wood aroma that soothes the senses and elevates any space. Each stick measures approximately 9.05 inches in length, offering a long, steady burn that fills your room with a clean, calming fragrance — not too strong, not too faint, just a smooth and harmonious smoke. Inspired by the vitality of pine and the steadiness of the pagoda, these sticks are thoughtfully made to support meditation, yoga, relaxation, and daily mindfulness rituals. They are also well-suited for air purifying and home fragrance purposes. Store in a cool, dry place away from moisture to preserve their quality and fragrance. Whether you are creating a peaceful sanctuary or simply unwinding after a long day, these incense sticks make a wonderful addition to your routine or a thoughtful gift for loved ones.	0411HRGD0UE	pineconehy	19.99		2026-04-11 05:05:15 PDT		y	4			11				B0GWVDR845						8711727421529				AMAZON_NA	Migrated Template	Active
2019 Classic Old Mountain Sandalwood Incense Sticks, Natural Fragrance, Stick Form, Meditation and Aromatherapy, 8.27 Inch	Bring the timeless elegance of Old Mountain Sandalwood into your daily ritual with these 2019 Classic Sandalwood Incense Sticks by AFENGAU. Sourced from authentic aged mountain sandalwood, each stick delivers a rich, deep, and harmonious fragrance that has been treasured for centuries in meditation, yoga, and spiritual practice. Made using a traditional 2019 classic formula, these sticks offer a thick, genuine sandalwood aroma that is both grounding and uplifting. Free from harsh chemicals and charcoal additives, the natural ingredients ensure a clean, pure burn that is safe for everyday use. Each tube contains 20 premium incense sticks, each measuring approximately 8.27 inches in length for a long, steady burn. Whether you are deepening your meditation practice, enhancing your yoga session, or simply seeking a moment of calm, these sandalwood incense sticks create a serene and sacred atmosphere. They also make a thoughtful and elegant gift for anyone who appreciates the beauty of natural fragrance and traditional craftsmanship.	0411HRHRH6A	sandalhy	19.99		2026-04-11 05:15:45 PDT		y	4			11				B0GWVQTGQT						8711727421536				AMAZON_NA	Migrated Template	Active
AFENGAU Natural Sandalwood Incense Sticks - 400 Premium Hand-Dipped Sticks for Meditation, Yoga, and Aromatherapy - Authentic Calming Scent for Stress Relief	Explore the wide range of natural sandalwood incense sticks from AFENGAUk, now available on Amazon. Made from sustainably sourced sandalwood and crafted using traditional hand-dipping techniques, our incense delivers an authentic, calming fragrance that has been cherished for centuries. Each of the 400 premium sticks burns for 45-60 minutes, filling your space with a warm, woody aroma that promotes relaxation, focus, and inner peace. Perfect for meditation, yoga, aromatherapy, or simply creating a serene home environment. Our eco-friendly packaging makes this an ideal gift for anyone seeking natural wellness and tranquility. Experience the AFENGAU difference—where nature meets tradition.	1029F21N6EE	sandalwood300	19.99		2025-10-29 03:12:18 PDT		y	4			11				B0FY6JR3NK						8711727421420				AMAZON_NA	Migrated Template	Active
AFENGAU Natural Sandalwood Incense Sticks - 40 Premium Hand-Dipped Sticks for Meditation, Yoga, and Aromatherapy - Authentic Calming Scent for Stress Relief (40)	Explore the wide range of natural sandalwood incense sticks from AFENGAU, now available on Amazon. Made from sustainably sourced sandalwood and crafted using traditional hand-dipping techniques, our incense delivers an authentic, calming fragrance that has been cherished for centuries. Each of the 40 premium sticks burns for 45-60 minutes, filling your space with a warm, woody aroma that promotes relaxation, focus, and inner peace. Perfect for meditation, yoga, aromatherapy, or simply creating a serene home environment. Our eco-friendly packaging makes this an ideal gift for anyone seeking natural wellness and tranquility. Experience the AFENGAU difference—where nature meets tradition.	1029F2FF0S7	sandalwood40	9.99		2025-10-29 03:12:18 PDT		y	4			11				B0FY6HB74X						8711727421413				AMAZON_NA	Migrated Template	Active
AFENGAU White Sage Incense Sticks (5g, Approx. 20 Sticks) for Cleansing Negative Energy | Pure & Natural Aromatherapy Incense for Meditation, Yoga, and Spiritual Purification (20)	Whether you are cleansing your entire home, deepening your spiritual practice, or simply wish to create a more peaceful environment, our white sage incense sticks integrate seamlessly into your life. Their elegant presentation and refined aroma make them a perfect addition to your living room, bedroom, yoga space, or office. Simply light, relax, and let the purifying smoke work its magic.	1029F297NAG	whitesage20	9.99		2025-10-29 03:46:45 PDT		y	4			11				B0FY6R869L						8711727421468				AMAZON_NA	Migrated Template	Active
AFENGAU White Sage Incense Sticks (60 Sticks) for Cleansing Negative Energy | Pure & Natural Aromatherapy Incense for Meditation, Yoga, and Spiritual Purification	Whether you are cleansing your entire home, deepening your spiritual practice, or simply wish to create a more peaceful environment, our white sage incense sticks integrate seamlessly into your life. Their elegant presentation and refined aroma make them a perfect addition to your living room, bedroom, yoga space, or office. Simply light, relax, and let the purifying smoke work its magic.	1029F2EJ0OZ	whitesage60	19.99		2025-10-29 03:46:45 PDT		y	4			11				B0FY6MCXS7						8711727421451				AMAZON_NA	Migrated Template	Active
AFENGAU Natural White Sage Smudge Sticks (4-Inch) - California Grown Sage Bundles for Cleansing House of Negative Energy, Spiritual Purification, Meditation & Smudging Rituals	At AFENGAU, we believe in the profound power of nature to restore balance and peace in our lives. Our journey began with a deep reverence for the ancient traditions of smudging and a steadfast commitment to providing the highest quality, ethically sourced white sage. We partner with local California farms that share our dedication to sustainable and respectful harvesting practices, ensuring that every sage bundle we offer carries the pure, sacred energy of the land from which it came. Our mission is to bring this ancient practice to your home, helping you create a sanctuary of peace and positive energy.	1030F54CLP0	whitesagebundle	6.99		2025-10-29 21:00:04 PDT		y	4			11				B0FYCTS187						8711727421482				AMAZON_NA	Migrated Template	Active
AFENGAU Natural White Sage Smudge Sticks (4-Inch) - California Grown Sage Bundles for Cleansing House of Negative Energy, Spiritual Purification, Meditation & Smudging Rituals	At AFENGAU, we believe in the profound power of nature to restore balance and peace in our lives. Our journey began with a deep reverence for the ancient traditions of smudging and a steadfast commitment to providing the highest quality, ethically sourced white sage. We partner with local California farms that share our dedication to sustainable and respectful harvesting practices, ensuring that every sage bundle we offer carries the pure, sacred energy of the land from which it came. Our mission is to bring this ancient practice to your home, helping you create a sanctuary of peace and positive energy.	0101H3LCHV0	whitesagebundle2	9.99		2025-12-31 19:51:10 PST		y	4			11				B0GDLQ6Z6M						8711727421499				AMAZON_NA	Migrated Template	Active
Satya Nag Champa Sandalwood 15grams x 2 Packs Incense Sticks with Seedlink Incense Sticks Holder for Positivity, Meditation, Relaxation, Yoga, Healing	<p>Create a calming and clutter-free space with this beautifully crafted wooden incense holder, designed for both function and aesthetics. Whether you're meditating, practicing yoga, or simply relaxing at home, this all-in-one incense burner set brings peace and serenity to your space.</p> <p>Featuring a natural wooden incense holder, this incense holder adding a touch of elegance to your room. The included 20 incense sticks provide a long-lasting fragrance.</p>	0712FWD7VQC	Avi-Incense holder with sticks	6.99		2025-07-12 05:09:36 PDT		y	1			11				B0FHDWYF5C						B0FHDWYF5C				AMAZON_NA	Migrated Template	Inactive
Wooden Aromatherapy Incense Holder – Upside Down Hanging Rack with 1L Ash Catcher for Home Office or Yoga Space Décor & Meditation (Glass Height 20cm)	<p>Elevate your space with this beautifully crafted Wooden Aromatherapy Incense Holder, designed to combine relaxation with elegant home décor. Featuring a unique upside-down hanging design, this incense rack not only adds a serene atmosphere to any room but also serves as a minimalist decorative piece.</p> <p>Made from high-quality natural wood, it securely holds your incense sticks while allowing the ash to gently fall into the integrated ash collector — keeping your surfaces clean and mess-free. Whether you're meditating, relaxing after a long day, or enhancing the ambiance of your living room, yoga space, or office, this incense holder is the perfect companion.</p> <p><b>Perfect for gifting</b> or enhancing your own home sanctuary, <b>this hanging incense rack</b> blends functionality with timeless style. Light your favorite incense and let the soothing aroma elevate your mood and your space.</p>	0902F7PI4VL	Avi-incense holder golden	9.9		2025-09-01 20:53:35 PDT		y	1			11				B0FFSCV59W						B0FFSCV59W				AMAZON_NA	Migrated Template	Inactive
Yinjiyue Natural Sandalwood Incense Sticks 400 Premium Hand-Dipped Sticks	Explore the wide range of natural sandalwood incense sticks from Yinjiyue, now available on Amazon. Made from sustainably sourced sandalwood and crafted using traditional hand-dipping techniques, our incense delivers an authentic, calming fragrance that has been cherished for centuries. Each of the 400 premium sticks burns for 45-60 minutes, filling your space with a warm, woody aroma that promotes relaxation, focus, and inner peace. Perfect for meditation, yoga, aromatherapy, or simply creating a serene home environment. Our eco-friendly packaging makes this an ideal gift for anyone seeking natural wellness and tranquility. Experience the Yinjiyue difference—where nature meets tradition.	0920HSIZARG	Sandalwood300	19.99		2026-09-20 00:26:03 PDT		y	4			11				B0HKFRCR73						8711727421581				AMAZON_NA	Migrated Template	Inactive
2019 Classic Old Mountain Sandalwood Incense Sticks, Natural Fragrance, Stick Form, Meditation and Aromatherapy, 8.27 Inch		0630HRZKQL9	WI-GAXS-92TC	19.99		2026-06-29 20:33:10 PDT		y	1			11				B0GWVQTGQT						B0GWVQTGQT				AMAZON_NA	Migrated Template	Inactive
AFENGAU Incense Sticks and Glass Cylinder Holder Bundle, 40 Count, Mugwort, Charcoal-Free Herbal Aromatherapy for Meditation, 9 Inches	Transform your home into a personal sanctuary with the AFENGAU Natural Mugwort Incense Sticks and Glass Upside-Down Holder Bundle. This all-in-one aromatherapy set includes 40 handcrafted, charcoal-free mugwort incense sticks and a sleek glass cylinder holder with a gold metal lid. Each 9-inch stick burns for 30–45 minutes, releasing a soft, warm, earthy herbal aroma ideal for meditation, yoga, and daily wellness routines. The innovative upside-down design suspends the incense stick through the gold lid, directing every ash drop neatly into the clear borosilicate glass tube below for a completely mess-free experience. The transparent glass lets you watch the ash collect, turning your aromatherapy ritual into a visual art form. Standing nearly 10 inches tall, the holder doubles as a striking decorative accent that complements any interior style. This thoughtfully curated bundle makes a memorable gift for birthdays, housewarmings, or as a personal self-care treat.	0702H25PH96	YJY-BUNDLE-K2D4-TTJ1	14.9		2026-07-02 03:50:50 PDT		y	4			11				B0H7C4XYVD						8711727421260				AMAZON_NA	Migrated Template	Inactive
AFENGAU Mugwort Incense Sticks and Brass Lotus Holder Bundle, 40 Count, Zinc Alloy, Herbal Fragrance, 9 Inches	Transform any room into a calming retreat with the AFENGAU Mugwort Incense and Vintage Brass Lotus Holder Bundle. This complete aromatherapy set includes 40 handcrafted Natural Mugwort Incense Sticks, elegantly presented in a wooden gift box, alongside a beautifully detailed Vintage Brass Lotus Incense Holder. Each 9-inch incense stick is made from pure, aged mugwort with no chemical additives, burning cleanly for approximately 30 to 45 minutes and releasing a gentle, earthy herbal fragrance — ideal for bedrooms, living rooms, yoga sessions, and meditation spaces. The lotus incense holder is crafted from durable zinc alloy with an antique brass finish, featuring a smart two-piece design with a wide lotus leaf base and a removable center stick holder that catches all falling ash for effortless cleanup. Compatible with both incense sticks and cones, it adds timeless sophistication to any decor style. Beautifully packaged together in a wooden gift box, this bundle makes a thoughtful and distinctive gift for birthdays, housewarmings, or any special occasion for those who appreciate home fragrance and handcrafted accessories.	0702H291APP	YJY-BUNDLE-K2D4-W88Z	13.29		2026-07-02 03:50:51 PDT		y	4			11				B0H7BZGVGB						8711727421284				AMAZON_NA	Migrated Template	Inactive
AFENGAU Mugwort Incense Sticks and Brass Lotus Holder Bundle, 40 Count, Stick, Brass, Mugwort, Meditation and Relaxation, 9.05 Inches	Transform any room into a serene sanctuary with the AFENGAU Mugwort Incense & Brass Lotus Holder Bundle. This all-in-one aromatherapy set includes 40 natural mugwort incense sticks (9.05" long) and an exquisitely crafted brass lotus incense holder with a detachable ash catcher. Each incense stick is made from pure, aged wild mugwort herb with zero charcoal, synthetic fragrances, or chemical additives, producing a clean, gentle smoke that is safe for the whole family. Each stick burns slowly and evenly for 30–45 minutes, releasing a soothing, earthy herbal fragrance. The solid brass lotus holder features a stunning antique bronze finish with intricate lotus flower carving, adding timeless elegance to any space. Its smart two-piece design includes a removable ash catcher tray for effortless cleanup. Compatible with both incense sticks and cones, this versatile holder is the only burner you will ever need. Ideal for meditation, yoga, relaxation, or simply creating a calming home atmosphere, this bundle also makes a thoughtful gift for any occasion.	0702H28YEYK	YJY-BUNDLE-K2D4-YPSM	14.99		2026-07-02 03:50:50 PDT		y	4			11				B0H7C7GDL9						8711727421277				AMAZON_NA	Migrated Template	Inactive
AFENGAU Complete Zen Meditation Set — 400pcs Natural Mugwort Incense Sticks with Smokeless Glass Incense Holder, Zero-Mess Ash Catcher, Charcoal-Free Herbal Incense Stick Set for Yoga, Relaxation	AFENGAU Complete Zen Meditation Bundle Bring peace, clarity, and mindfulness into your daily routine with the AFENGAU Complete Zen Meditation Bundle. This comprehensive set combines Natural Mugwort Incense Sticks (400 Count) with a Smokeless Glass Incense Holder, offering a clean, mess-free aromatic experience for your space. Pure Herbal Therapy from 100% Natural Mugwort: Our incense sticks are crafted using traditional Chinese herbal techniques. We use sun-dried mugwort (Artemisia argyi) leaves, grinding them into a fine powder and binding them without charcoal or synthetic glues. This process creates a clean-burning, low-smoke incense stick that releases a gentle, earthy, and warm herbal fragrance. Suitable for purifying air, meditation, and relaxation. Innovative Glass Holder for a Mess-Free Burn: Traditional incense holders can leave ash on your surfaces. Our borosilicate glass cylinder incense holder addresses this issue. The glass tube houses the burning stick, catching the ash as it falls. The heat-resistant metal lid secures the stick upright, ensuring a stable burn. Simply lift the lid and empty the ash to keep your space clean. Complete Incense Ritual Setup: This bundle provides a matching set, ensuring the 400 incense sticks fit properly into the glass holder for a seamless experience. Ideal for Mindful Living: Presented in minimalist packaging that reflects a serene aesthetic, this bundle is suitable for personal use or as a thoughtful gift. Whether for yoga practice, meditation, or general relaxation, this set provides a calming and tranquil atmosphere.	0701HWAM5N1	YJY-BUNDLE-MUGWORT-HOLDER-US	18.89		2026-06-30 23:14:59 PDT		y	4			11				B0H74S1KC8						8711727421239				AMAZON_NA	Migrated Template	Inactive
AFENGAU Mugwort Incense Bundle, 400 Sticks with Brass Lotus Holder and Ash Catcher Tray, Charcoal-Free Herbal, Relaxation and Sleep Support, 8 Inch	Transform any room into a peaceful retreat with the AFENGAU Meditation Incense Bundle. This all-in-one set includes 400 natural mugwort incense sticks and an elegant brass lotus incense holder with an ash catcher tray, giving you everything you need to create a calming atmosphere right away. Each 8-inch stick is handcrafted from pure mugwort herbs with a bamboo core — free from charcoal, artificial fragrances, and chemical additives. They burn gently for approximately 30 minutes, releasing a soft, warm, earthy herbal aroma traditionally used to purify the air and ease tension. The vintage-style brass lotus holder features a beautifully detailed lotus flower tray and a gourd-shaped center pin that keeps sticks upright while the wide base catches ash neatly. Known as the "dream herb," mugwort has been used for centuries to support relaxation and restful sleep. This bundle is ideal for yoga, meditation, or winding down before bed. It also makes a thoughtful gift for birthdays, housewarmings, or any occasion that calls for a touch of wellness and tranquility.	0702H23KGAT	YJY-BUNDLE-TB6C-W88Z	17.99		2026-07-02 03:50:50 PDT		y	4			11				B0H7C3NFXS						8711727421253				AMAZON_NA	Migrated Template	Inactive
AFENGAU Mugwort Incense Sticks and Antique Bronze Lotus Burner Bundle, 400 Count, Charcoal-Free Herbal Set for Yoga, Meditation, Relaxation and Home Cleansing	Transform any room into a peaceful retreat with the AFENGAU Meditation Incense Bundle. This all-in-one set includes 400 natural mugwort incense sticks and an antique bronze lotus incense burner complete with an ash tray. Each 8-inch stick is handcrafted from pure mugwort herbs, free from charcoal and synthetic additives, and burns gently for approximately 45 to 60 minutes, releasing a soft, earthy herbal aroma ideal for yoga, meditation, and relaxation. The elegant lotus burner features an intricately carved hollow lid in a classic antique bronze finish, paired with a removable ash tray for effortless cleanup. Its timeless design doubles as a stunning home décor accent for your altar, meditation corner, or yoga space. Mugwort has been traditionally used for centuries to help soothe the mind and support restful sleep, making this bundle a wonderful addition to any nightly wind-down routine. Beautifully presented, this set also makes a thoughtful gift for birthdays, holidays, or any occasion that calls for a moment of calm and wellness.	0702H23PFKB	YJY-BUNDLE-TB6C-YPSM	19.99		2026-07-02 03:50:49 PDT		y	4			11				B0H7C112VK						8711727421246				AMAZON_NA	Migrated Template	Inactive
Natural Mugwort Incense Sticks, Charcoal-Free, Air Purifying, Meditation & Yoga, Relaxation, Sleep Aid, Stress Relief, Indoor Home Incense	Discover the serene power of Mugwort Incense Sticks, your perfect companion for spiritual cleansing and deep relaxation. Beyond its calming fragrance, this herbal wonder acts as a potent air purifier and natural insect deterrent, creating a harmonious and pest-free environment. Elevate your meditation, yoga, or daily mindfulness practices with the soothing properties of these sticks. Their therapeutic scent gently eases tension and promotes peaceful sleep, transforming any space into a sanctuary of tranquility. With a generous 300-count pack, these long-burning sticks ensure lasting enjoyment and continuous atmospheric enhancement. Embrace this ancient tradition for a truly rejuvenating experience that nurtures both body and soul.	0624F7S71NI	insmug01	16.99		2025-06-24 01:53:42 PDT		y	3			11				B0FFB14H6Q						702408207349				AMAZON_NA	Migrated Template	Inactive
AFENGAU Incense Sticks	ou'll enjoy a steady release of soothing floral scent, perfect for extended periods of relaxation, meditation, or simply unwinding after a long day. This convenient pack size offers an ideal supply for regular use, allowing you to easily maintain your desired ambiance.	0902HUIPX41	AFENGAU1234		0	2026-09-01 18:30:17 PDT		y	1			11				B0HHH36WBN						B0HHH36WBN			0	DEFAULT	Migrated Template	Incomplete
Incense Sticks	enjoy a steady release of soothing floral scent, perfect for extended periods of relaxation, meditation, or simply unwinding after a long day. This convenient pack size offers an ideal supply for regular use, allowing you to easily maintain your desired ambiance.	0813HRWECMZ	Generic123		0	2026-08-12 19:34:33 PDT		y	1			11				B0HF3C6G77						B0HF3C6G77			0	DEFAULT	Migrated Template	Incomplete
Wooden Aromatherapy Incense Holder – Upside Down Hanging Rack with 1L Ash Catcher for Home Office or Yoga Space Décor & Meditation	<p>Elevate your space with this beautifully crafted Wooden Aromatherapy Incense Holder, designed to combine relaxation with elegant home décor. Featuring a unique upside-down hanging design, this incense rack not only adds a serene atmosphere to any room but also serves as a minimalist decorative piece.</p> <p>Made from high-quality natural wood, it securely holds your incense sticks while allowing the ash to gently fall into the integrated ash collector — keeping your surfaces clean and mess-free. Whether you're meditating, relaxing after a long day, or enhancing the ambiance of your living room, yoga space, or office, this incense holder is the perfect companion.</p> <p><b>Perfect for gifting</b> or enhancing your own home sanctuary, <b>this hanging incense rack</b> blends functionality with timeless style. Light your favorite incense and let the soothing aroma elevate your mood and your space.</p>	1029F19PSKY	ZE-1AHO-6J6D			2025-10-28 23:26:17 PDT		y	1			11				B0FY5PZ345						B0FY5PZ345				AMAZON_NA	Migrated Template	Incomplete
Seedlink Chinese Incense Holder for Sticks with Ash Catcher - Wooden Incense Burner Box with Storage, Ceramic Lined, Anti-Ash, for Meditation, Yoga, Home Decor	Every detail of the Seedlink Incense Holder is crafted to enhance your experience. Our innovative Anti-Ash Design ensures a clean, mess-free environment. The clever Dual-Function Storage keeps your incense sticks organized and protected. And the Premium Craftsmanship, using high-quality wood and ceramic, guarantees a product that is both beautiful and durable.	1028FWTSZV8	incenseholder2			2025-10-27 20:58:58 PDT		y	1			11				B0FY1WRCZF						B0FY1WRCZF				AMAZON_NA	Migrated Template	Incomplete
Seedlink Natural White Sage Smudge Sticks (4-Inch)	At Seedlink, we believe in the profound power of nature to restore balance and peace in our lives. Our journey began with a deep reverence for the ancient traditions of smudging and a steadfast commitment to providing the highest quality, ethically sourced white sage. We partner with local California farms that share our dedication to sustainable and respectful harvesting practices, ensuring that every sage bundle we offer carries the pure, sacred energy of the land from which it came. Our mission is to bring this ancient practice to your home, helping you create a sanctuary of peace and positive energy.	0710H00DZMY	whitesage		0	2026-07-09 20:57:12 PDT		y	1			11				B0H8C1N5DW						B0H8C1N5DW			0	DEFAULT	Migrated Template	Incomplete
